Workbook

Sheet MEN
A1: Name | B1: Leader at 12 | C1: Leader at 144 | D1: Registration Type | E1: WEEK 1 | F1: WEEK 2 | G1: WEEK 3 | H1: WEEK 4 | I1: ENCOUNTER | J1: WEEK 5 | K1: WEEK 6 | L1: WEEK 7 | M1: WEEK 8 | N1: TOTAL | O1: Effective Guide
A2: ZZTEST John Leader | D2: Guide | E2: X | F2: X | G2: X | H2: X | I2: X | J2: X | K2: X | L2: X | M2: X | N2: =COUNTIF(E2:M2,"X") -> 9 | O2: =IF(C2="",B2,C2) -> 0
A3: ZZTEST Mike Guide | B3: ZZTEST John Leader | D3: Guide | E3: X | F3: X | G3: X | N3: =COUNTIF(E3:M3,"X") -> 3 | O3: =IF(C3="",B3,C3) -> ZZTEST John Leader
A4: ZZTEST Steve Delegate | B4: ZZTEST John Leader | C4: ZZTEST Mike Guide | D4: Delegate: First Time | E4: X | F4: X | N4: =COUNTIF(E4:M4,"X") -> 2 | O4: =IF(C4="",B4,C4) -> ZZTEST Mike Guide
A5: ZZTEST Tom Delegate | B5: ZZTEST John Leader | C5: ZZTEST Mike Guide | D5: Delegate: Second Time | G5: X | H5: X | N5: =COUNTIF(E5:M5,"X") -> 2 | O5: =IF(C5="",B5,C5) -> ZZTEST Mike Guide
A6: ZZTEST Second Leader | D6: Guide | E6: X | F6: X | G6: X | H6: X | I6: X | J6: X | K6: X | L6: X | M6: X | N6: =COUNTIF(E6:M6,"X") -> 9 | O6: =IF(C6="",B6,C6) -> 0
A7: ZZTEST Alex Delegate | B7: ZZTEST Second Leader | D7: Delegate: First Time | E7: X | I7: X | N7: =COUNTIF(E7:M7,"X") -> 2 | O7: =IF(C7="",B7,C7) -> ZZTEST Second Leader
A8: ZZTEST Nina Delegate | B8: ZZTEST Second Leader | D8: Guide | I8: X | J8: X | K8: X | L8: X | N8: =COUNTIF(E8:M8,"X") -> 4 | O8: =IF(C8="",B8,C8) -> ZZTEST Second Leader
A9: ZZTEST Priya Delegate | B9: ZZTEST Second Leader | C9: ZZTEST Nina Delegate | D9: Delegate: Second Time | J9: X | K9: X | N9: =COUNTIF(E9:M9,"X") -> 2 | O9: =IF(C9="",B9,C9) -> ZZTEST Nina Delegate
D10: WEEKLY TOTAL | E10: =COUNTIF(E2:E9,"X") -> 5 | F10: =COUNTIF(F2:F9,"X") -> 4 | G10: =COUNTIF(G2:G9,"X") -> 4 | H10: =COUNTIF(H2:H9,"X") -> 3 | I10: =COUNTIF(I2:I9,"X") -> 4 | J10: =COUNTIF(J2:J9,"X") -> 4 | K10: =COUNTIF(K2:K9,"X") -> 4 | L10: =COUNTIF(L2:L9,"X") -> 3 | M10: =COUNTIF(M2:M9,"X") -> 2 | N10: =SUM(E10:M10) -> 33
D13: LEADER @12 STATS
D14: Leader @12 | E14: WEEK 1 | F14: WEEK 2 | G14: WEEK 3 | H14: WEEK 4 | I14: ENCOUNTER | J14: WEEK 5 | K14: WEEK 6 | L14: WEEK 7 | M14: WEEK 8 | N14: Total
D15: ZZTEST John Leader | E15: =COUNTIFS($B$2:$B$9,$D15,E$2:E$9,"X") -> 2 | F15: =COUNTIFS($B$2:$B$9,$D15,F$2:F$9,"X") -> 2 | G15: =COUNTIFS($B$2:$B$9,$D15,G$2:G$9,"X") -> 2 | H15: =COUNTIFS($B$2:$B$9,$D15,H$2:H$9,"X") -> 1 | I15: =COUNTIFS($B$2:$B$9,$D15,I$2:I$9,"X") -> 0 | J15: =COUNTIFS($B$2:$B$9,$D15,J$2:J$9,"X") -> 0 | K15: =COUNTIFS($B$2:$B$9,$D15,K$2:K$9,"X") -> 0 | L15: =COUNTIFS($B$2:$B$9,$D15,L$2:L$9,"X") -> 0 | M15: =COUNTIFS($B$2:$B$9,$D15,M$2:M$9,"X") -> 0 | N15: =SUM(E15:M15) -> 7
D16: ZZTEST Second Leader | E16: =COUNTIFS($B$2:$B$9,$D16,E$2:E$9,"X") -> 1 | F16: =COUNTIFS($B$2:$B$9,$D16,F$2:F$9,"X") -> 0 | G16: =COUNTIFS($B$2:$B$9,$D16,G$2:G$9,"X") -> 0 | H16: =COUNTIFS($B$2:$B$9,$D16,H$2:H$9,"X") -> 0 | I16: =COUNTIFS($B$2:$B$9,$D16,I$2:I$9,"X") -> 2 | J16: =COUNTIFS($B$2:$B$9,$D16,J$2:J$9,"X") -> 2 | K16: =COUNTIFS($B$2:$B$9,$D16,K$2:K$9,"X") -> 2 | L16: =COUNTIFS($B$2:$B$9,$D16,L$2:L$9,"X") -> 1 | M16: =COUNTIFS($B$2:$B$9,$D16,M$2:M$9,"X") -> 0 | N16: =SUM(E16:M16) -> 8

Sheet GUIDE STATE MEN
A1: Leader | B1: Guide | C1: Delegate W1 | D1: Delegate W2 | E1: Delegate W3 | F1: Delegate W4 | G1: ENCOUNTER | H1: Delegate W5 | I1: Delegate W6 | J1: Delegate W7 | K1: Delegate W8
A2: ZZTEST John Leader | B2: ZZTEST John Leader | C2: =COUNTIFS(MEN!$O$2:$O$9,$B2,MEN!$E$2:$E$9,"X") -> 1 | D2: =COUNTIFS(MEN!$O$2:$O$9,$B2,MEN!$F$2:$F$9,"X") -> 1 | E2: =COUNTIFS(MEN!$O$2:$O$9,$B2,MEN!$G$2:$G$9,"X") -> 1 | F2: =COUNTIFS(MEN!$O$2:$O$9,$B2,MEN!$H$2:$H$9,"X") -> 0 | G2: =COUNTIFS(MEN!$O$2:$O$9,$B2,MEN!$I$2:$I$9,"X") -> 0 | H2: =COUNTIFS(MEN!$O$2:$O$9,$B2,MEN!$J$2:$J$9,"X") -> 0 | I2: =COUNTIFS(MEN!$O$2:$O$9,$B2,MEN!$K$2:$K$9,"X") -> 0 | J2: =COUNTIFS(MEN!$O$2:$O$9,$B2,MEN!$L$2:$L$9,"X") -> 0 | K2: =COUNTIFS(MEN!$O$2:$O$9,$B2,MEN!$M$2:$M$9,"X") -> 0
B3: ZZTEST Mike Guide | C3: =COUNTIFS(MEN!$O$2:$O$9,$B3,MEN!$E$2:$E$9,"X") -> 1 | D3: =COUNTIFS(MEN!$O$2:$O$9,$B3,MEN!$F$2:$F$9,"X") -> 1 | E3: =COUNTIFS(MEN!$O$2:$O$9,$B3,MEN!$G$2:$G$9,"X") -> 1 | F3: =COUNTIFS(MEN!$O$2:$O$9,$B3,MEN!$H$2:$H$9,"X") -> 1 | G3: =COUNTIFS(MEN!$O$2:$O$9,$B3,MEN!$I$2:$I$9,"X") -> 0 | H3: =COUNTIFS(MEN!$O$2:$O$9,$B3,MEN!$J$2:$J$9,"X") -> 0 | I3: =COUNTIFS(MEN!$O$2:$O$9,$B3,MEN!$K$2:$K$9,"X") -> 0 | J3: =COUNTIFS(MEN!$O$2:$O$9,$B3,MEN!$L$2:$L$9,"X") -> 0 | K3: =COUNTIFS(MEN!$O$2:$O$9,$B3,MEN!$M$2:$M$9,"X") -> 0
A4: ZZTEST Second Leader | B4: ZZTEST Second Leader | C4: =COUNTIFS(MEN!$O$2:$O$9,$B4,MEN!$E$2:$E$9,"X") -> 1 | D4: =COUNTIFS(MEN!$O$2:$O$9,$B4,MEN!$F$2:$F$9,"X") -> 0 | E4: =COUNTIFS(MEN!$O$2:$O$9,$B4,MEN!$G$2:$G$9,"X") -> 0 | F4: =COUNTIFS(MEN!$O$2:$O$9,$B4,MEN!$H$2:$H$9,"X") -> 0 | G4: =COUNTIFS(MEN!$O$2:$O$9,$B4,MEN!$I$2:$I$9,"X") -> 2 | H4: =COUNTIFS(MEN!$O$2:$O$9,$B4,MEN!$J$2:$J$9,"X") -> 1 | I4: =COUNTIFS(MEN!$O$2:$O$9,$B4,MEN!$K$2:$K$9,"X") -> 1 | J4: =COUNTIFS(MEN!$O$2:$O$9,$B4,MEN!$L$2:$L$9,"X") -> 1 | K4: =COUNTIFS(MEN!$O$2:$O$9,$B4,MEN!$M$2:$M$9,"X") -> 0
B5: ZZTEST Nina Delegate | C5: =COUNTIFS(MEN!$O$2:$O$9,$B5,MEN!$E$2:$E$9,"X") -> 0 | D5: =COUNTIFS(MEN!$O$2:$O$9,$B5,MEN!$F$2:$F$9,"X") -> 0 | E5: =COUNTIFS(MEN!$O$2:$O$9,$B5,MEN!$G$2:$G$9,"X") -> 0 | F5: =COUNTIFS(MEN!$O$2:$O$9,$B5,MEN!$H$2:$H$9,"X") -> 0 | G5: =COUNTIFS(MEN!$O$2:$O$9,$B5,MEN!$I$2:$I$9,"X") -> 0 | H5: =COUNTIFS(MEN!$O$2:$O$9,$B5,MEN!$J$2:$J$9,"X") -> 1 | I5: =COUNTIFS(MEN!$O$2:$O$9,$B5,MEN!$K$2:$K$9,"X") -> 1 | J5: =COUNTIFS(MEN!$O$2:$O$9,$B5,MEN!$L$2:$L$9,"X") -> 0 | K5: =COUNTIFS(MEN!$O$2:$O$9,$B5,MEN!$M$2:$M$9,"X") -> 0

Sheet GUIDE STATE FOR MEN
A1: Leader | B1: WEEK 1 DELEGATES | E1: WEEK 2 DELEGATES | H1: WEEK 3 DELEGATES | K1: WEEK 4 DELEGATES | N1: ENCOUNTER DELEGATES
A2: Leader | B2: Guides | C2: First Time | D2: Second Time | E2: Guides | F2: First Time | G2: Second Time | H2: Guides | I2: First Time | J2: Second Time | K2: Guides | L2: First Time | M2: Second Time | N2: Guides | O2: First Time | P2: Second Time
A3: ZZTEST John Leader | B3: =COUNTIFS(MEN!$B$2:$B$9,$A3,MEN!$E$2:$E$9,"X",MEN!$D$2:$D$9,"Guide") -> 1 | C3: =COUNTIFS(MEN!$B$2:$B$9,$A3,MEN!$E$2:$E$9,"X",MEN!$D$2:$D$9,"Delegate: First Time") -> 1 | D3: =COUNTIFS(MEN!$B$2:$B$9,$A3,MEN!$E$2:$E$9,"X",MEN!$D$2:$D$9,"Delegate: Second Time") -> 0 | E3: =COUNTIFS(MEN!$B$2:$B$9,$A3,MEN!$F$2:$F$9,"X",MEN!$D$2:$D$9,"Guide") -> 1 | F3: =COUNTIFS(MEN!$B$2:$B$9,$A3,MEN!$F$2:$F$9,"X",MEN!$D$2:$D$9,"Delegate: First Time") -> 1 | G3: =COUNTIFS(MEN!$B$2:$B$9,$A3,MEN!$F$2:$F$9,"X",MEN!$D$2:$D$9,"Delegate: Second Time") -> 0 | H3: =COUNTIFS(MEN!$B$2:$B$9,$A3,MEN!$G$2:$G$9,"X",MEN!$D$2:$D$9,"Guide") -> 1 | I3: =COUNTIFS(MEN!$B$2:$B$9,$A3,MEN!$G$2:$G$9,"X",MEN!$D$2:$D$9,"Delegate: First Time") -> 0 | J3: =COUNTIFS(MEN!$B$2:$B$9,$A3,MEN!$G$2:$G$9,"X",MEN!$D$2:$D$9,"Delegate: Second Time") -> 1 | K3: =COUNTIFS(MEN!$B$2:$B$9,$A3,MEN!$H$2:$H$9,"X",MEN!$D$2:$D$9,"Guide") -> 0 | L3: =COUNTIFS(MEN!$B$2:$B$9,$A3,MEN!$H$2:$H$9,"X",MEN!$D$2:$D$9,"Delegate: First Time") -> 0 | M3: =COUNTIFS(MEN!$B$2:$B$9,$A3,MEN!$H$2:$H$9,"X",MEN!$D$2:$D$9,"Delegate: Second Time") -> 1 | N3: =COUNTIFS(MEN!$B$2:$B$9,$A3,MEN!$I$2:$I$9,"X",MEN!$D$2:$D$9,"Guide") -> 0 | O3: =COUNTIFS(MEN!$B$2:$B$9,$A3,MEN!$I$2:$I$9,"X",MEN!$D$2:$D$9,"Delegate: First Time") -> 0 | P3: =COUNTIFS(MEN!$B$2:$B$9,$A3,MEN!$I$2:$I$9,"X",MEN!$D$2:$D$9,"Delegate: Second Time") -> 0
A4: ZZTEST Second Leader | B4: =COUNTIFS(MEN!$B$2:$B$9,$A4,MEN!$E$2:$E$9,"X",MEN!$D$2:$D$9,"Guide") -> 0 | C4: =COUNTIFS(MEN!$B$2:$B$9,$A4,MEN!$E$2:$E$9,"X",MEN!$D$2:$D$9,"Delegate: First Time") -> 1 | D4: =COUNTIFS(MEN!$B$2:$B$9,$A4,MEN!$E$2:$E$9,"X",MEN!$D$2:$D$9,"Delegate: Second Time") -> 0 | E4: =COUNTIFS(MEN!$B$2:$B$9,$A4,MEN!$F$2:$F$9,"X",MEN!$D$2:$D$9,"Guide") -> 0 | F4: =COUNTIFS(MEN!$B$2:$B$9,$A4,MEN!$F$2:$F$9,"X",MEN!$D$2:$D$9,"Delegate: First Time") -> 0 | G4: =COUNTIFS(MEN!$B$2:$B$9,$A4,MEN!$F$2:$F$9,"X",MEN!$D$2:$D$9,"Delegate: Second Time") -> 0 | H4: =COUNTIFS(MEN!$B$2:$B$9,$A4,MEN!$G$2:$G$9,"X",MEN!$D$2:$D$9,"Guide") -> 0 | I4: =COUNTIFS(MEN!$B$2:$B$9,$A4,MEN!$G$2:$G$9,"X",MEN!$D$2:$D$9,"Delegate: First Time") -> 0 | J4: =COUNTIFS(MEN!$B$2:$B$9,$A4,MEN!$G$2:$G$9,"X",MEN!$D$2:$D$9,"Delegate: Second Time") -> 0 | K4: =COUNTIFS(MEN!$B$2:$B$9,$A4,MEN!$H$2:$H$9,"X",MEN!$D$2:$D$9,"Guide") -> 0 | L4: =COUNTIFS(MEN!$B$2:$B$9,$A4,MEN!$H$2:$H$9,"X",MEN!$D$2:$D$9,"Delegate: First Time") -> 0 | M4: =COUNTIFS(MEN!$B$2:$B$9,$A4,MEN!$H$2:$H$9,"X",MEN!$D$2:$D$9,"Delegate: Second Time") -> 0 | N4: =COUNTIFS(MEN!$B$2:$B$9,$A4,MEN!$I$2:$I$9,"X",MEN!$D$2:$D$9,"Guide") -> 1 | O4: =COUNTIFS(MEN!$B$2:$B$9,$A4,MEN!$I$2:$I$9,"X",MEN!$D$2:$D$9,"Delegate: First Time") -> 1 | P4: =COUNTIFS(MEN!$B$2:$B$9,$A4,MEN!$I$2:$I$9,"X",MEN!$D$2:$D$9,"Delegate: Second Time") -> 0
A7: Leader | B7: WEEK 5 DELEGATES | E7: WEEK 6 DELEGATES | H7: WEEK 7 DELEGATES | K7: WEEK 8 DELEGATES
A8: Leader | B8: Guides | C8: First Time | D8: Second Time | E8: Guides | F8: First Time | G8: Second Time | H8: Guides | I8: First Time | J8: Second Time | K8: Guides | L8: First Time | M8: Second Time
A9: ZZTEST John Leader | B9: =COUNTIFS(MEN!$B$2:$B$9,$A9,MEN!$J$2:$J$9,"X",MEN!$D$2:$D$9,"Guide") -> 0 | C9: =COUNTIFS(MEN!$B$2:$B$9,$A9,MEN!$J$2:$J$9,"X",MEN!$D$2:$D$9,"Delegate: First Time") -> 0 | D9: =COUNTIFS(MEN!$B$2:$B$9,$A9,MEN!$J$2:$J$9,"X",MEN!$D$2:$D$9,"Delegate: Second Time") -> 0 | E9: =COUNTIFS(MEN!$B$2:$B$9,$A9,MEN!$K$2:$K$9,"X",MEN!$D$2:$D$9,"Guide") -> 0 | F9: =COUNTIFS(MEN!$B$2:$B$9,$A9,MEN!$K$2:$K$9,"X",MEN!$D$2:$D$9,"Delegate: First Time") -> 0 | G9: =COUNTIFS(MEN!$B$2:$B$9,$A9,MEN!$K$2:$K$9,"X",MEN!$D$2:$D$9,"Delegate: Second Time") -> 0 | H9: =COUNTIFS(MEN!$B$2:$B$9,$A9,MEN!$L$2:$L$9,"X",MEN!$D$2:$D$9,"Guide") -> 0 | I9: =COUNTIFS(MEN!$B$2:$B$9,$A9,MEN!$L$2:$L$9,"X",MEN!$D$2:$D$9,"Delegate: First Time") -> 0 | J9: =COUNTIFS(MEN!$B$2:$B$9,$A9,MEN!$L$2:$L$9,"X",MEN!$D$2:$D$9,"Delegate: Second Time") -> 0 | K9: =COUNTIFS(MEN!$B$2:$B$9,$A9,MEN!$M$2:$M$9,"X",MEN!$D$2:$D$9,"Guide") -> 0 | L9: =COUNTIFS(MEN!$B$2:$B$9,$A9,MEN!$M$2:$M$9,"X",MEN!$D$2:$D$9,"Delegate: First Time") -> 0 | M9: =COUNTIFS(MEN!$B$2:$B$9,$A9,MEN!$M$2:$M$9,"X",MEN!$D$2:$D$9,"Delegate: Second Time") -> 0
A10: ZZTEST Second Leader | B10: =COUNTIFS(MEN!$B$2:$B$9,$A10,MEN!$J$2:$J$9,"X",MEN!$D$2:$D$9,"Guide") -> 1 | C10: =COUNTIFS(MEN!$B$2:$B$9,$A10,MEN!$J$2:$J$9,"X",MEN!$D$2:$D$9,"Delegate: First Time") -> 0 | D10: =COUNTIFS(MEN!$B$2:$B$9,$A10,MEN!$J$2:$J$9,"X",MEN!$D$2:$D$9,"Delegate: Second Time") -> 1 | E10: =COUNTIFS(MEN!$B$2:$B$9,$A10,MEN!$K$2:$K$9,"X",MEN!$D$2:$D$9,"Guide") -> 1 | F10: =COUNTIFS(MEN!$B$2:$B$9,$A10,MEN!$K$2:$K$9,"X",MEN!$D$2:$D$9,"Delegate: First Time") -> 0 | G10: =COUNTIFS(MEN!$B$2:$B$9,$A10,MEN!$K$2:$K$9,"X",MEN!$D$2:$D$9,"Delegate: Second Time") -> 1 | H10: =COUNTIFS(MEN!$B$2:$B$9,$A10,MEN!$L$2:$L$9,"X",MEN!$D$2:$D$9,"Guide") -> 1 | I10: =COUNTIFS(MEN!$B$2:$B$9,$A10,MEN!$L$2:$L$9,"X",MEN!$D$2:$D$9,"Delegate: First Time") -> 0 | J10: =COUNTIFS(MEN!$B$2:$B$9,$A10,MEN!$L$2:$L$9,"X",MEN!$D$2:$D$9,"Delegate: Second Time") -> 0 | K10: =COUNTIFS(MEN!$B$2:$B$9,$A10,MEN!$M$2:$M$9,"X",MEN!$D$2:$D$9,"Guide") -> 0 | L10: =COUNTIFS(MEN!$B$2:$B$9,$A10,MEN!$M$2:$M$9,"X",MEN!$D$2:$D$9,"Delegate: First Time") -> 0 | M10: =COUNTIFS(MEN!$B$2:$B$9,$A10,MEN!$M$2:$M$9,"X",MEN!$D$2:$D$9,"Delegate: Second Time") -> 0

Sheet WOMEN
A1: Name | B1: Leader 12 | C1: Leader at 144 | D1: Registration Type | E1: WEEK 1 | F1: WEEK 2 | G1: WEEK 3 | H1: WEEK 4 | I1: ENCOUNTER | J1: WEEK 5 | K1: WEEK 6 | L1: WEEK 7 | M1: WEEK 8 | N1: TOTAL | O1: Effective Guide
A2: ZZTEST Mary Leader | D2: Guide | E2: X | F2: X | G2: X | H2: X | I2: X | J2: X | K2: X | L2: X | M2: X | N2: =COUNTIF(E2:M2,"X") -> 9 | O2: =IF(C2="",B2,C2) -> 0
A3: ZZTEST Grace Guide | B3: ZZTEST Mary Leader | D3: Guide | E3: X | F3: X | G3: X | H3: X | N3: =COUNTIF(E3:M3,"X") -> 4 | O3: =IF(C3="",B3,C3) -> ZZTEST Mary Leader
A4: ZZTEST Sarah Delegate | B4: ZZTEST Mary Leader | C4: ZZTEST Grace Guide | D4: Delegate: First Time | E4: X | N4: =COUNTIF(E4:M4,"X") -> 1 | O4: =IF(C4="",B4,C4) -> ZZTEST Grace Guide
A5: ZZTEST Ruth Delegate | B5: ZZTEST Mary Leader | C5: ZZTEST Grace Guide | D5: Delegate: Second Time | F5: X | G5: X | N5: =COUNTIF(E5:M5,"X") -> 2 | O5: =IF(C5="",B5,C5) -> ZZTEST Grace Guide
D6: WEEKLY TOTAL | E6: =COUNTIF(E2:E5,"X") -> 3 | F6: =COUNTIF(F2:F5,"X") -> 3 | G6: =COUNTIF(G2:G5,"X") -> 3 | H6: =COUNTIF(H2:H5,"X") -> 2 | I6: =COUNTIF(I2:I5,"X") -> 1 | J6: =COUNTIF(J2:J5,"X") -> 1 | K6: =COUNTIF(K2:K5,"X") -> 1 | L6: =COUNTIF(L2:L5,"X") -> 1 | M6: =COUNTIF(M2:M5,"X") -> 1 | N6: =SUM(E6:M6) -> 16
D9: LEADER @12 STATS
D10: Leader @12 | E10: WEEK 1 | F10: WEEK 2 | G10: WEEK 3 | H10: WEEK 4 | I10: ENCOUNTER | J10: WEEK 5 | K10: WEEK 6 | L10: WEEK 7 | M10: WEEK 8 | N10: Total
D11: ZZTEST Mary Leader | E11: =COUNTIFS($B$2:$B$5,$D11,E$2:E$5,"X") -> 2 | F11: =COUNTIFS($B$2:$B$5,$D11,F$2:F$5,"X") -> 2 | G11: =COUNTIFS($B$2:$B$5,$D11,G$2:G$5,"X") -> 2 | H11: =COUNTIFS($B$2:$B$5,$D11,H$2:H$5,"X") -> 1 | I11: =COUNTIFS($B$2:$B$5,$D11,I$2:I$5,"X") -> 0 | J11: =COUNTIFS($B$2:$B$5,$D11,J$2:J$5,"X") -> 0 | K11: =COUNTIFS($B$2:$B$5,$D11,K$2:K$5,"X") -> 0 | L11: =COUNTIFS($B$2:$B$5,$D11,L$2:L$5,"X") -> 0 | M11: =COUNTIFS($B$2:$B$5,$D11,M$2:M$5,"X") -> 0 | N11: =SUM(E11:M11) -> 7

Sheet GUIDE STATE WOMEN
A1: Leader | B1: Guide | C1: Delegate W1 | D1: Delegate W2 | E1: Delegate W3 | F1: Delegate W4 | G1: ENCOUNTER | H1: Delegate W5 | I1: Delegate W6 | J1: Delegate W7 | K1: Delegate W8
A2: ZZTEST Mary Leader | B2: ZZTEST Mary Leader | C2: =COUNTIFS(WOMEN!$O$2:$O$5,$B2,WOMEN!$E$2:$E$5,"X") -> 1 | D2: =COUNTIFS(WOMEN!$O$2:$O$5,$B2,WOMEN!$F$2:$F$5,"X") -> 1 | E2: =COUNTIFS(WOMEN!$O$2:$O$5,$B2,WOMEN!$G$2:$G$5,"X") -> 1 | F2: =COUNTIFS(WOMEN!$O$2:$O$5,$B2,WOMEN!$H$2:$H$5,"X") -> 1 | G2: =COUNTIFS(WOMEN!$O$2:$O$5,$B2,WOMEN!$I$2:$I$5,"X") -> 0 | H2: =COUNTIFS(WOMEN!$O$2:$O$5,$B2,WOMEN!$J$2:$J$5,"X") -> 0 | I2: =COUNTIFS(WOMEN!$O$2:$O$5,$B2,WOMEN!$K$2:$K$5,"X") -> 0 | J2: =COUNTIFS(WOMEN!$O$2:$O$5,$B2,WOMEN!$L$2:$L$5,"X") -> 0 | K2: =COUNTIFS(WOMEN!$O$2:$O$5,$B2,WOMEN!$M$2:$M$5,"X") -> 0
B3: ZZTEST Grace Guide | C3: =COUNTIFS(WOMEN!$O$2:$O$5,$B3,WOMEN!$E$2:$E$5,"X") -> 1 | D3: =COUNTIFS(WOMEN!$O$2:$O$5,$B3,WOMEN!$F$2:$F$5,"X") -> 1 | E3: =COUNTIFS(WOMEN!$O$2:$O$5,$B3,WOMEN!$G$2:$G$5,"X") -> 1 | F3: =COUNTIFS(WOMEN!$O$2:$O$5,$B3,WOMEN!$H$2:$H$5,"X") -> 0 | G3: =COUNTIFS(WOMEN!$O$2:$O$5,$B3,WOMEN!$I$2:$I$5,"X") -> 0 | H3: =COUNTIFS(WOMEN!$O$2:$O$5,$B3,WOMEN!$J$2:$J$5,"X") -> 0 | I3: =COUNTIFS(WOMEN!$O$2:$O$5,$B3,WOMEN!$K$2:$K$5,"X") -> 0 | J3: =COUNTIFS(WOMEN!$O$2:$O$5,$B3,WOMEN!$L$2:$L$5,"X") -> 0 | K3: =COUNTIFS(WOMEN!$O$2:$O$5,$B3,WOMEN!$M$2:$M$5,"X") -> 0

Sheet GUIDE STATE FOR WOMEN
A1: Leader | B1: WEEK 1 DELEGATES | E1: WEEK 2 DELEGATES | H1: WEEK 3 DELEGATES | K1: WEEK 4 DELEGATES | N1: ENCOUNTER DELEGATES
A2: Leader | B2: Guides | C2: First Time | D2: Second Time | E2: Guides | F2: First Time | G2: Second Time | H2: Guides | I2: First Time | J2: Second Time | K2: Guides | L2: First Time | M2: Second Time | N2: Guides | O2: First Time | P2: Second Time
A3: ZZTEST Mary Leader | B3: =COUNTIFS(WOMEN!$B$2:$B$5,$A3,WOMEN!$E$2:$E$5,"X",WOMEN!$D$2:$D$5,"Guide") -> 1 | C3: =COUNTIFS(WOMEN!$B$2:$B$5,$A3,WOMEN!$E$2:$E$5,"X",WOMEN!$D$2:$D$5,"Delegate: First Time") -> 1 | D3: =COUNTIFS(WOMEN!$B$2:$B$5,$A3,WOMEN!$E$2:$E$5,"X",WOMEN!$D$2:$D$5,"Delegate: Second Time") -> 0 | E3: =COUNTIFS(WOMEN!$B$2:$B$5,$A3,WOMEN!$F$2:$F$5,"X",WOMEN!$D$2:$D$5,"Guide") -> 1 | F3: =COUNTIFS(WOMEN!$B$2:$B$5,$A3,WOMEN!$F$2:$F$5,"X",WOMEN!$D$2:$D$5,"Delegate: First Time") -> 0 | G3: =COUNTIFS(WOMEN!$B$2:$B$5,$A3,WOMEN!$F$2:$F$5,"X",WOMEN!$D$2:$D$5,"Delegate: Second Time") -> 1 | H3: =COUNTIFS(WOMEN!$B$2:$B$5,$A3,WOMEN!$G$2:$G$5,"X",WOMEN!$D$2:$D$5,"Guide") -> 1 | I3: =COUNTIFS(WOMEN!$B$2:$B$5,$A3,WOMEN!$G$2:$G$5,"X",WOMEN!$D$2:$D$5,"Delegate: First Time") -> 0 | J3: =COUNTIFS(WOMEN!$B$2:$B$5,$A3,WOMEN!$G$2:$G$5,"X",WOMEN!$D$2:$D$5,"Delegate: Second Time") -> 1 | K3: =COUNTIFS(WOMEN!$B$2:$B$5,$A3,WOMEN!$H$2:$H$5,"X",WOMEN!$D$2:$D$5,"Guide") -> 1 | L3: =COUNTIFS(WOMEN!$B$2:$B$5,$A3,WOMEN!$H$2:$H$5,"X",WOMEN!$D$2:$D$5,"Delegate: First Time") -> 0 | M3: =COUNTIFS(WOMEN!$B$2:$B$5,$A3,WOMEN!$H$2:$H$5,"X",WOMEN!$D$2:$D$5,"Delegate: Second Time") -> 0 | N3: =COUNTIFS(WOMEN!$B$2:$B$5,$A3,WOMEN!$I$2:$I$5,"X",WOMEN!$D$2:$D$5,"Guide") -> 0 | O3: =COUNTIFS(WOMEN!$B$2:$B$5,$A3,WOMEN!$I$2:$I$5,"X",WOMEN!$D$2:$D$5,"Delegate: First Time") -> 0 | P3: =COUNTIFS(WOMEN!$B$2:$B$5,$A3,WOMEN!$I$2:$I$5,"X",WOMEN!$D$2:$D$5,"Delegate: Second Time") -> 0
A6: Leader | B6: WEEK 5 DELEGATES | E6: WEEK 6 DELEGATES | H6: WEEK 7 DELEGATES | K6: WEEK 8 DELEGATES
A7: Leader | B7: Guides | C7: First Time | D7: Second Time | E7: Guides | F7: First Time | G7: Second Time | H7: Guides | I7: First Time | J7: Second Time | K7: Guides | L7: First Time | M7: Second Time
A8: ZZTEST Mary Leader | B8: =COUNTIFS(WOMEN!$B$2:$B$5,$A8,WOMEN!$J$2:$J$5,"X",WOMEN!$D$2:$D$5,"Guide") -> 0 | C8: =COUNTIFS(WOMEN!$B$2:$B$5,$A8,WOMEN!$J$2:$J$5,"X",WOMEN!$D$2:$D$5,"Delegate: First Time") -> 0 | D8: =COUNTIFS(WOMEN!$B$2:$B$5,$A8,WOMEN!$J$2:$J$5,"X",WOMEN!$D$2:$D$5,"Delegate: Second Time") -> 0 | E8: =COUNTIFS(WOMEN!$B$2:$B$5,$A8,WOMEN!$K$2:$K$5,"X",WOMEN!$D$2:$D$5,"Guide") -> 0 | F8: =COUNTIFS(WOMEN!$B$2:$B$5,$A8,WOMEN!$K$2:$K$5,"X",WOMEN!$D$2:$D$5,"Delegate: First Time") -> 0 | G8: =COUNTIFS(WOMEN!$B$2:$B$5,$A8,WOMEN!$K$2:$K$5,"X",WOMEN!$D$2:$D$5,"Delegate: Second Time") -> 0 | H8: =COUNTIFS(WOMEN!$B$2:$B$5,$A8,WOMEN!$L$2:$L$5,"X",WOMEN!$D$2:$D$5,"Guide") -> 0 | I8: =COUNTIFS(WOMEN!$B$2:$B$5,$A8,WOMEN!$L$2:$L$5,"X",WOMEN!$D$2:$D$5,"Delegate: First Time") -> 0 | J8: =COUNTIFS(WOMEN!$B$2:$B$5,$A8,WOMEN!$L$2:$L$5,"X",WOMEN!$D$2:$D$5,"Delegate: Second Time") -> 0 | K8: =COUNTIFS(WOMEN!$B$2:$B$5,$A8,WOMEN!$M$2:$M$5,"X",WOMEN!$D$2:$D$5,"Guide") -> 0 | L8: =COUNTIFS(WOMEN!$B$2:$B$5,$A8,WOMEN!$M$2:$M$5,"X",WOMEN!$D$2:$D$5,"Delegate: First Time") -> 0 | M8: =COUNTIFS(WOMEN!$B$2:$B$5,$A8,WOMEN!$M$2:$M$5,"X",WOMEN!$D$2:$D$5,"Delegate: Second Time") -> 0
